{
    "@context": {
        "adms": "http://www.w3.org/ns/adms#",
        "skos": "http://www.w3.org/2004/02/skos/core#",
        "ex": "https://example.com/",
        "core": "http://data.europa.eu/m8g/",
        "cpsv": "http://purl.org/vocab/cpsv#",
        "dct": "http://purl.org/dc/terms/",
        "org": "http://www.w3.org/ns/org#",
        "eli": "http://data.europa.eu/eli/ontology#",
        "dossier": "https://data.vlaanderen.be/ns/dossier#",
        "time": "http://www.w3.org/2006/time#",
        "sh": "http://www.w3.org/ns/shacl#",
        "persoon": "http://data.vlaanderen.be/ns/persoon#",
        "core:fulfils": {
            "@type": "@id"
        },
        "core:supportsRequirement": {
            "@type": "@id"
        },
        "sh:path": {
            "@type": "@id"
        },
        "sh:targetClass": {
            "@type": "@id"
        },
        "ex:produces": {
            "@type": "@id"
        },
        "ex:requires": {
            "@type": "@id"
        },
        "ex:hasStateShape": {
            "@type": "@id"
        },
        "org:hasSite": {
            "@type": "@id"
        }
    },
    "@graph": [
        {
            "@type": "core:PublicService",
            "@id": "https://productencatalogus-v3.vlaanderen.be/nl/instantie/14337",
            "dct:title": "Attest van hoofdverblijfplaats (bewijs van woonst)",
            "dct:description": "Het attest van hoofdverblijfplaats (bewijs van woonst / attest van inschrijving) bevestigt dat een inwoner ingeschreven is op zijn adres in de gemeente.\n\nHet attest bevat een aantal persoonlijke gegevens zoals:\n\n- naam en voornamen\n- plaats en datum van geboorte\n- adres\n- nationaliteit\n- de datum sinds wanneer u op het adres woont.\n\nU kunt ook een attest van hoofdverblijfplaats aanvragen met de historiek van uw vorige adressen.",
            "dct:identifier": {
                "@id": "adms:identifier",
                "skos:notation": "14337"
            },
            "cpsv:follows": {
                "@type": "cpsv:Rule",
                "@id": "https://example.com/rule/1",
                "dct:description": "U kunt het attest van hoofdverblijfplaats opvragen bij uw gemeente.\n\nAls u beschikt over een elektronische identiteitskaart (eID), kunt u het document ook raadplegen, downloaden en afdrukken:\n\n- op 'Mijn dossier', de online toepassing van het Rijksregister\n- op 'Mijn Burgerprofiel', de online toepassing van de Vlaamse overheid\n- het e-loket van uw gemeente.\n\nAnderen kunnen het attest enkel aan het loket van de dienst Burgerzaken aanvragen.",
                "dct:identifier": {
                    "@id": "adms:identifier",
                    "skos:notation": "++++"
                },
                "dct:title": "++++",
                "cpsv:implements": {
                    "@type": "eli:LegalResource",
                    "eli:is_realized_by": {
                        "@type": "eli:LegalExpression",
                        "eli:title": "Koninklijk besluit van 16 juli 1992 betreffende het verkrijgen van informatie uit de bevolkingsregisters en uit het vreemdelingenregister (B.S. 15 augustus 1992)."
                    }
                }
            },
            "core:hasCompetentAuthority": {
                "@type": "core:PublicOrganization",
                "@id": "https://data.lblod.info/id/bestuurseenheden/b47cda1a1458dc4935e118b6fffbdfbc55eba2659fc9321c61be0de63b5a27e3",
                "skos:prefLabel": {
                    "@value": "Wichelen",
                    "@language": "nl"
                },
                "org:hasSite": "http://data.lblod.info/id/werkingsgebieden/1f543ee991d187aea8795cc18caa7cf21f937db76a0dbb46323439ef22515638",
                "ex:instantiates": {
                    "@type": "ex:BusinessProcess",
                    "ex:hasAsResult": {
                        "@type": "core:Requirement",
                        "@id": "https://example.com/requirement/1",
                        "dct:identifier": {
                            "@id": "adms:identifier",
                            "skos:notation": "++++"
                        },
                        "dct:title": "Past adres aan op identiteitskaart",
                        "core:fulfils": "https://example.com/rule/1",
                        "ex:hasStateShape": "https://example.com/shapes/verblijfsadres"
                    },
                    "ex:hasInstruction": [
                        {
                            "@type": "ex:Instruction",
                            "ex:produces": {
                                "@type": "core:Requirement",
                                "@id": "https://example.com/requirement/2",
                                "dct:identifier": {
                                    "@id": "adms:identifier",
                                    "skos:notation": "++++"
                                },
                                "dct:title": "Controleer door politie",
                                "ex:hasStateShape": "https://example.com/shapes/politiecontrole"
                            }
                        },
                        {
                            "@type": "ex:Instruction",
                            "ex:requires": "https://example.com/requirement/2",
                            "ex:produces": "https://example.com/requirement/1"
                        }
                    ]
                }
            }
        },
        {
            "@type": "http://dbpedia.org/ontology/Case",
            "dossier:doorloopt": [
                {
                    "@type": "dossier:ProcedureStap",
                    "ex:hasEvidence": {
                        "@type": "core:Evidence",
                        "core:supportsRequirement": "https://example.com/requirement/2",
                        "core:validityPeriod": {
                            "@type": "time:ProperInterval",
                            "time:hasBeginning": "2023-04-02T13:22:21",
                            "time:hasXSDDuration": "P1M"
                        },
                        "core:supportsValue": {
                            "ex:values": {
                                "@id": "https://example.com/people/Ben",
                                "ex:recentePolitieControle": true
                            }
                        }
                    }
                },
                {
                    "@type": "dossier:ProcedureStap",
                    "ex:hasEvidence": {
                        "@type": "core:Evidence",
                        "core:supportsRequirement": "https://example.com/requirement/1",
                        "core:validityPeriod": {
                            "@type": "time:ProperInterval",
                            "time:hasBeginning": "2023-04-07T13:22:21",
                            "time:hasXSDDuration": "P10Y"
                        },
                        "core:supportsValue": {
                            "ex:values": {
                                "@id": "https://example.com/people/Ben",
                                "persoon:verblijfsadres": "Eerste weg 1, 9999 Stad"
                            }
                        }
                    }
                }
            ]
        },
        {
            "@type": "sh:NodeShape",
            "@id": "https://example.com/shapes/verblijfsadres",
            "sh:targetClass": "persoon:Inwoner",
            "sh:property": {
                "sh:path": "persoon:verblijfsadres",
                "sh:minCount": 1
            }
        },
        {
            "@type": "sh:NodeShape",
            "@id": "https://example.com/shapes/politiecontrole",
            "sh:targetClass": "persoon:Inwoner",
            "sh:property": {
                "sh:path": "ex:recentePolitieControle",
                "sh:hasValue": true
            }
        }
    ]
}