{
    "@context": {
        "dcterms": "http://purl.org/dc/terms/",
        "skos": "http://www.w3.org/2004/02/skos/core#",
        "cv": "http://data.europa.eu/m8g/",
        "cpsv": "http://purl.org/vocab/cpsv#",
        "cccev": "http://data.europa.eu/m8g/cccev#",
        "cl-evt": "https://example.com/concept/expectedValueType/",
        "Requirement.forPublicService": {
            "@reverse": "cpsv:holdsRequirement"
        }
    },
    "@type": "cv:Requirement",
    "Requirement.forPublicService": {
        "@type": "cpsv:PublicService",
        "dcterms:title": "Seniorenbiljet",
        "cpsv:hasCompetentAuthority": {
            "@type": "PublicOrganisation",
            "skos:prefLabel": "NMBS"
        },
        "dcterms:title": "Leeftijdsvereiste",
        "cccev:hasConcept": {
            "@type": "cccev:InformationConcept",
            "skos:preflabel": "Leeftijd",
            "cccev:expressionOfExpectedValue": {
                "@value": "",
                "@type": "rdfs:Literal"
            }
        }
    }
}