{
    "@context": "",
    "@graph": [
        {
            "@id": "_:bew001",
            "@type": "Bewijs",
            "Bewijs.identificator": {
                "@value": "",
                "@type": "https://example.com/concept/identificatortype/kaartnummer"
            },
            "Bewijs.geldigheidsperiode": {
                "@type": "time:ProperInterval",
                "time:hasBeginning": {
                    "@type": "time:Instant",
                    "time:inXSDDateTime": {
                        "@type": "xml-schema:dateTime",
                        "@value": "20170323T00:00:00.000"
                    }
                },
                "time:hasEnding": {
                    "@type": "time:Instant",
                    "time:inXSDDateTime": {
                        "@type": "xml-schema:dateTime",
                        "@value": "20270323T00:00:00.0000"
                    }
                }
            },
            "Bewijs.toepassingsgebied": {
                "@type": "Jurisdictie",
                "Jurisdictie.plaats": {
                    "@type": "Plaats",
                    "Plaats.plaatsnaam": {
                        "@value": "België",
                        "@language": "nl"
                    }
                }
            },
            "Bewijs.uitgegevenDoor": {
                "@type": "GeregistreerdeOrganisatie",
                "Organisatie.voorkeursnaam": {
                    "@value": "Gemeente Anderlecht",
                    "@language": "nl"
                },
                "GeregistreerdeOrganisatie.registratie": {
                    "@type": "Identificator",
                    "Identificator.identificator": {
                        "@value": "0206.582.284",
                        "@type": "https://example.com/concept/identificatortype/kbo-nummer"
                    }
                }
            },
            "Bewijs.gaatOver": "_:prs001",
            "Bewijs.ondersteuntVoorwaarde": "_:vrw001",
            "Bewijs.voldoetAan": "_:bwt001",
            "Bewijs.ondersteuntWaarde": {
                "@type": "OndersteunendeWaarde",
                "OndersteunendeWaarde.waarde": {
                    "@value": "61",
                    "@type": "xml-schema:integer"
                },
                "OndersteunendeWaarde.geeftWaardeAan": "_:inc001"
            }
        },
        {
            "@id": "_:prs001",
            "@type": "GeregistreerdPersoon",
            "Persoon.voornaam": [
                "Geert"
            ],
            "Persoon.achternaam": "Thijs",
            "GeregistreerdPersoon.registratie": {
                "@type": "Identificator",
                "Identificator.identificator": {
                    "@value": "",
                    "@type": "https://example.com/concept/identificatortype/rijksregisternummer"
                }
            }
        },
        {
            "@id": "_:vrw001",
            "@type": "Voorwaarde",
            "Voorwaarde.beschrijving": {
                "@value": "De minimumleeftijd om te trouwen, is 18 jaar. De jeugdrechtbank kan die leeftijdsbeperking opheffen als daar goede redenen voor zijn.",
                "@language": "nl"
            },
            "Voorwaarde.publiekeDienstverlening": "_:pud001",
            "Voorwaarde.type": "https://example.com/concept/voorwaardetype/minimumleeftijd",
            "VoorwaardeHeeftConcept": [
                "_:inc001"
            ],
            "Voorwaarde.bewijstypelijst": [
                "_:btl001",
                ""
            ]
        },
        {
            "@id": "_:btl001",
            "@type": "Bewijstypelijst",
            "Bewijstypelijst.bewijstype": [
                "_:bwt001"
            ]
        },
        {
            "@id": "_:bwt001",
            "@type": "Bewijstype",
            "Bewijstype.bewijstypeclassificatie": "https://example.com/concept/bewijstypeclassificatie/identiteitsbewijs/BelgischeIdentiteitskaart"
        },
        {
            "@id": "_:inc001",
            "@type": "Informatieconcept",
            "Informatieconcept.type": "https://example.com/concept/informatieconcepttype/minimumleeftijd",
            "Informatieconcept.uitdrukkingVerwachteWaarde": {
                "@value": "18",
                "@type": "xml-schema:integer"
            }
        },
        {
            "@id": "_:pud001",
            "@type": "PubliekeDienstverlening",
            "PubliekeDienstverlening.identificatie": {
                "@value": "139",
                "@type": "https://example.com/concept/identificatortype/ipdc-fichenummer"
            },
            "PubliekeDienstverlening.naam": {
                "@value": "Huwelijk",
                "@language": "nl"
            },
            "PubliekeDienstverlening.beschrijving": {
                "@value": "Het huwelijk is een verbintenis tussen twee mensen, voltrokken door een ambtenaar van de burgerlijke stand. Het huwelijk vindt plaats in het gemeentehuis, maar kan eventueel ook op een andere openbare plaats met neutraal karakter, als de gemeenteraad zo'n plaats heeft aangewezen.",
                "@language": "nl"
            },
            "PubliekeDienstverlening.heeftVoorwaarde": [
                "_:vrw001",
                ""
            ]
        }
    ]
}